month,state,age_0_5,enroll_5_17,enroll_18p,year,demo_5_17,demo_18p,bio_5_17,bio_18p,demo_rate_18p,bio_rate_18p,demo_rate_5_17,bio_rate_5_17,low_anomaly,zero_anomaly,risk_flag
2025-03-01,andhra pradesh,43,44.0,29.0,4050,48600.0,464440.0,243777.0,159519.0,16015.172413793103,5500.6551724137935,1104.5454545454545,5540.386363636364,False,False,False
2025-03-01,assam,587,1105.0,800.0,60750,16692.0,185345.0,59101.0,33830.0,231.68125,42.2875,15.105882352941176,53.485067873303166,False,False,False
2025-03-01,bihar,516,1392.0,444.0,44550,95221.0,991478.0,324179.0,439330.0,2233.0585585585586,989.481981981982,68.4058908045977,232.88721264367817,False,False,False
2025-03-01,chhattisgarh,115,46.0,99.0,6075,18699.0,282767.0,37255.0,134137.0,2856.2323232323233,1354.919191919192,406.5,809.8913043478261,False,False,False
2025-03-01,delhi,181,102.0,85.0,8100,24234.0,242085.0,62172.0,102196.0,2848.0588235294117,1202.3058823529411,237.58823529411765,609.5294117647059,False,False,False
2025-03-01,gujarat,686,354.0,282.0,32400,67041.0,387337.0,167890.0,228501.0,1373.5354609929077,810.2872340425532,189.38135593220338,474.26553672316385,False,False,False
2025-03-01,haryana,98,79.0,23.0,4050,20543.0,166720.0,68047.0,123327.0,7248.695652173913,5362.04347826087,260.0379746835443,861.3544303797469,False,False,False
2025-03-01,jharkhand,12,25.0,18.0,2025,22953.0,535664.0,142789.0,187497.0,29759.11111111111,10416.5,918.12,5711.56,False,False,False
2025-03-01,karnataka,309,192.0,231.0,24300,86046.0,313249.0,134538.0,177591.0,1356.0562770562772,768.7922077922078,448.15625,700.71875,False,False,False
2025-03-01,madhya pradesh,286,161.0,95.0,14175,73640.0,590312.0,294961.0,368397.0,6213.8105263157895,3877.863157894737,457.39130434782606,1832.055900621118,False,False,False
2025-03-01,maharashtra,232,130.0,98.0,10125,45650.0,666552.0,300370.0,658779.0,6801.551020408163,6722.234693877551,351.15384615384613,2310.5384615384614,False,False,False
2025-03-01,meghalaya,507,269.0,774.0,22275,3226.0,35806.0,3554.0,8263.0,46.2609819121447,10.675710594315245,11.992565055762082,13.211895910780669,True,False,False
2025-03-01,punjab,118,28.0,34.0,4050,10147.0,165225.0,82015.0,178555.0,4859.558823529412,5251.617647058823,362.39285714285717,2929.1071428571427,False,False,False
2025-03-01,rajasthan,41,36.0,17.0,2025,64641.0,1095112.0,170087.0,254119.0,64418.35294117647,14948.176470588236,1795.5833333333333,4724.638888888889,False,False,False
2025-03-01,tamil nadu,12,12.0,10.0,2025,40573.0,473190.0,343791.0,336884.0,47319.0,33688.4,3381.0833333333335,28649.25,False,False,False
2025-03-01,uttar pradesh,1393,3326.0,674.0,89100,156908.0,2042817.0,746862.0,384642.0,3030.885756676558,570.6854599406528,47.176187612748045,224.55261575466025,False,False,False
2025-03-01,uttarakhand,186,76.0,49.0,6075,10108.0,89841.0,24684.0,36610.0,1833.4897959183672,747.1428571428571,133.0,324.7894736842105,False,False,False
2025-03-01,west bengal,45,30.0,46.0,4050,35495.0,524973.0,101673.0,167202.0,11412.45652173913,3634.8260869565215,1183.1666666666667,3389.1,False,False,False
2025-04-01,assam,11931,9203.0,4520.0,340200,348.0,4007.0,105295.0,34364.0,0.886504424778761,7.602654867256637,0.037813756383787894,11.441377811583179,True,False,False
2025-04-01,bihar,12551,15361.0,1530.0,129600,2204.0,13096.0,419994.0,375725.0,8.559477124183006,245.5718954248366,0.1434802421717336,27.341579324262742,False,False,False
2025-04-01,chandigarh,86,21.0,10.0,2025,3917.0,10968.0,4587.0,3334.0,1096.8,333.4,186.52380952380952,218.42857142857142,False,False,False
2025-04-01,chhattisgarh,1299,254.0,192.0,10125,6249.0,58305.0,48023.0,239706.0,303.671875,1248.46875,24.60236220472441,189.06692913385828,False,False,False
2025-04-01,delhi,4078,1495.0,357.0,28350,45578.0,267173.0,122032.0,151934.0,748.3837535014005,425.58543417366946,30.48695652173913,81.6267558528428,False,False,False
2025-04-01,gujarat,17603,6024.0,4219.0,283500,7381.0,65229.0,163791.0,210519.0,15.46077269495141,49.89784309077981,1.225265604249668,27.189741035856574,False,False,False
2025-04-01,haryana,1785,482.0,61.0,8100,18749.0,107844.0,89177.0,127465.0,1767.9344262295083,2089.590163934426,38.898340248962654,185.01452282157678,False,False,False
2025-04-01,jammu and kashmir,142,59.0,10.0,2025,7915.0,39798.0,36268.0,53664.0,3979.8,5366.4,134.15254237288136,614.7118644067797,False,False,False
2025-04-01,jharkhand,2026,1496.0,184.0,24300,606.0,5520.0,185766.0,193196.0,30.0,1049.9782608695652,0.4050802139037433,124.17513368983957,False,False,False
2025-04-01,karnataka,7326,1165.0,1095.0,76950,10519.0,56719.0,136997.0,163406.0,51.79817351598174,149.22922374429223,9.029184549356223,117.59399141630901,False,False,False
2025-04-01,madhya pradesh,12077,4146.0,1128.0,123525,29556.0,151458.0,501173.0,333497.0,134.2712765957447,295.65336879432624,7.128798842257598,120.88109020742884,False,False,False
2025-04-01,maharashtra,7986,1901.0,704.0,78975,6110.0,56326.0,282523.0,563526.0,80.00852272727273,800.4630681818181,3.2140978432404,148.61809573908468,False,False,False
2025-04-01,manipur,130,476.0,26.0,2025,,,8147.0,8721.0,,335.4230769230769,,17.115546218487395,False,False,False
2025-04-01,meghalaya,7172,16999.0,6341.0,121500,,,4646.0,7219.0,,1.1384639646743415,,0.2733101947173363,True,False,False
2025-04-01,mizoram,275,76.0,17.0,2025,328.0,1782.0,17652.0,6583.0,104.82352941176471,387.2352941176471,4.315789473684211,232.26315789473685,False,False,False
2025-04-01,nagaland,1186,2082.0,238.0,22275,,,3641.0,11227.0,,47.17226890756302,,1.7487992315081653,False,False,False
2025-04-01,odisha,182,82.0,12.0,2025,,,132410.0,165238.0,,13769.833333333334,,1614.7560975609756,False,False,False
2025-04-01,punjab,3951,1155.0,647.0,34425,1893.0,22946.0,79601.0,132962.0,35.46522411128284,205.50540958268934,1.638961038961039,68.91861471861472,False,False,False
2025-04-01,rajasthan,11907,4141.0,794.0,103275,16546.0,120815.0,146156.0,230758.0,152.15994962216624,290.6272040302267,3.9956532238589713,35.29485631489978,False,False,False
2025-04-01,sikkim,67,88.0,21.0,4050,,,2428.0,2108.0,,100.38095238095238,,27.59090909090909,False,False,False
2025-04-01,tamil nadu,358,95.0,46.0,8100,4126.0,38564.0,214780.0,276710.0,838.3478260869565,6015.434782608696,43.43157894736842,2260.842105263158,False,False,False
2025-04-01,telangana,487,82.0,65.0,10125,3617.0,23417.0,64734.0,77426.0,360.26153846153846,1191.1692307692308,44.109756097560975,789.439024390244,False,False,False
2025-04-01,tripura,165,81.0,40.0,6075,,,27603.0,20012.0,,500.3,,340.77777777777777,False,False,False
2025-04-01,uttar pradesh,32513,23189.0,2201.0,243000,18441.0,162423.0,859000.0,398448.0,73.79509313948205,181.03044070876874,0.7952477467764889,37.043425762214845,False,False,False
2025-04-01,uttarakhand,998,204.0,74.0,4050,4526.0,30476.0,33481.0,39991.0,411.8378378378378,540.418918918919,22.186274509803923,164.12254901960785,False,False,False
2025-04-01,west bengal,2873,1014.0,381.0,44550,2956.0,35380.0,96513.0,153919.0,92.86089238845145,403.98687664041995,2.915187376725838,95.18047337278107,False,False,False
2025-05-01,assam,5170,5609.0,2418.0,180225,176.0,1252.0,52863.0,30978.0,0.5177832919768404,12.811414392059554,0.031378142271349614,9.424674630058835,False,False,False
2025-05-01,bihar,13251,17159.0,1241.0,125550,768.0,9424.0,283915.0,268284.0,7.5938759065269945,216.18372280419018,0.04475785302173786,16.54612739670144,False,False,False
2025-05-01,chhattisgarh,945,270.0,191.0,8100,6011.0,62258.0,50698.0,216018.0,325.9581151832461,1130.9842931937173,22.262962962962963,187.77037037037036,False,False,False
2025-05-01,delhi,3687,1514.0,380.0,30375,18132.0,113854.0,75023.0,112635.0,299.61578947368423,296.4078947368421,11.976221928665787,49.552840158520475,False,False,False
2025-05-01,gujarat,9005,3615.0,1674.0,141750,14688.0,116133.0,212970.0,239937.0,69.37455197132617,143.331541218638,4.063070539419087,58.912863070539416,False,False,False
2025-05-01,haryana,3039,601.0,56.0,8100,15613.0,98868.0,61904.0,108908.0,1765.5,1944.7857142857142,25.9783693843594,103.00166389351081,False,False,False
2025-05-01,jammu and kashmir,191,55.0,22.0,4050,3992.0,16536.0,36095.0,41203.0,751.6363636363636,1872.8636363636363,72.58181818181818,656.2727272727273,False,False,False
2025-05-01,karnataka,2835,1758.0,898.0,66825,20199.0,86882.0,185952.0,168074.0,96.75055679287306,187.16481069042317,11.48976109215017,105.77474402730375,False,False,False
2025-05-01,kerala,201,148.0,31.0,6075,,,128235.0,119256.0,,3846.967741935484,,866.4527027027027,False,False,False
2025-05-01,madhya pradesh,7221,3018.0,364.0,46575,40292.0,222970.0,469737.0,309327.0,612.554945054945,849.7994505494505,13.350563286944997,155.6451292246521,False,False,False
2025-05-01,maharashtra,6706,2352.0,791.0,91125,9959.0,80772.0,300215.0,647561.0,102.11378002528446,818.661188369153,4.234268707482993,127.64243197278911,False,False,False
2025-05-01,manipur,120,116.0,55.0,6075,,,8029.0,7773.0,,141.3272727272727,,69.21551724137932,False,False,False
2025-05-01,meghalaya,3660,7682.0,6038.0,111375,,,3883.0,7343.0,,1.2161311692613448,,0.505467326217131,True,False,False
2025-05-01,mizoram,475,154.0,108.0,10125,76.0,414.0,4733.0,3187.0,3.8333333333333335,29.50925925925926,0.4935064935064935,30.733766233766232,False,False,False
2025-05-01,nagaland,303,326.0,37.0,4050,,,2606.0,11561.0,,312.4594594594595,,7.993865030674846,False,False,False
2025-05-01,punjab,2540,1002.0,225.0,20250,4010.0,36714.0,65415.0,129093.0,163.17333333333335,573.7466666666667,4.001996007984032,65.28443113772455,False,False,False
2025-05-01,rajasthan,1992,904.0,65.0,10125,6845.0,66059.0,127873.0,196188.0,1016.2923076923076,3018.276923076923,7.571902654867257,141.45243362831857,False,False,False
2025-05-01,tamil nadu,322,64.0,34.0,6075,3958.0,23511.0,222396.0,269866.0,691.5,7937.235294117647,61.84375,3474.9375,False,False,False
2025-05-01,telangana,736,154.0,21.0,4050,4641.0,22865.0,95442.0,71619.0,1088.8095238095239,3410.4285714285716,30.136363636363637,619.7532467532468,False,False,False
2025-05-01,uttar pradesh,26928,21554.0,1379.0,164025,18003.0,165382.0,703440.0,345438.0,119.92893401015229,250.49891225525744,0.8352509974946646,32.636169620488076,False,False,False
2025-05-01,uttarakhand,477,135.0,12.0,2025,3101.0,23625.0,26291.0,36631.0,1968.75,3052.5833333333335,22.97037037037037,194.74814814814815,False,False,False
2025-05-01,west bengal,5538,3500.0,544.0,64800,7157.0,68065.0,127514.0,161746.0,125.11948529411765,297.3272058823529,2.044857142857143,36.43257142857143,False,False,False
2025-06-01,andhra pradesh,928,433.0,213.0,20250,22824.0,109494.0,327497.0,180975.0,514.056338028169,849.6478873239437,52.711316397228636,756.3441108545035,False,False,False
2025-06-01,assam,4878,3401.0,1455.0,137700,195.0,2250.0,39419.0,32157.0,1.5463917525773196,22.10103092783505,0.05733607762422817,11.590414583945899,False,False,False
2025-06-01,bihar,16160,28223.0,2003.0,182250,,,239119.0,255338.0,,127.47778332501248,,8.47248697870531,False,False,False
2025-06-01,chhattisgarh,608,439.0,216.0,8100,27315.0,352128.0,83928.0,275986.0,1630.2222222222222,1277.712962962963,62.22095671981777,191.17995444191345,False,False,False
2025-06-01,delhi,5327,2371.0,463.0,36450,16863.0,122835.0,51352.0,84750.0,265.3023758099352,183.04535637149027,7.112188949810207,21.658371994938843,False,False,False
2025-06-01,gujarat,6275,5245.0,704.0,76950,7858.0,59569.0,206071.0,231290.0,84.61505681818181,328.5369318181818,1.498188751191611,39.28903717826501,False,False,False
2025-06-01,haryana,6112,1190.0,339.0,30375,12398.0,98921.0,55616.0,109656.0,291.8023598820059,323.46902654867256,10.418487394957983,46.73613445378151,False,False,False
2025-06-01,jharkhand,1564,1644.0,116.0,16200,,,82593.0,116336.0,,1002.8965517241379,,50.23905109489051,False,False,False
2025-06-01,karnataka,5863,3662.0,2160.0,89100,15555.0,69126.0,158782.0,178722.0,32.00277777777778,82.74166666666666,4.247678864008738,43.3593664664118,False,False,False
2025-06-01,kerala,85,80.0,21.0,4050,,,90606.0,132577.0,,6313.190476190476,,1132.575,False,False,False
2025-06-01,madhya pradesh,9708,7774.0,672.0,70875,37214.0,166666.0,538546.0,352585.0,248.01488095238096,524.6800595238095,4.78698224852071,69.27527656290198,False,False,False
2025-06-01,maharashtra,6521,3518.0,610.0,60750,12811.0,94291.0,339273.0,678217.0,154.57540983606557,1111.8311475409837,3.6415577032404776,96.43916998294486,False,False,False
2025-06-01,manipur,91,499.0,13.0,2025,,,5424.0,5876.0,,452.0,,10.869739478957916,False,False,False
2025-06-01,meghalaya,1724,7051.0,4786.0,74925,,,3247.0,7592.0,,1.58629335562056,,0.4605020564458942,True,False,False
2025-06-01,mizoram,205,69.0,37.0,4050,162.0,2510.0,3978.0,3406.0,67.83783783783784,92.05405405405405,2.347826086956522,57.65217391304348,False,False,False
2025-06-01,nagaland,181,502.0,56.0,6075,,,2078.0,9247.0,,165.125,,4.139442231075697,False,False,False
2025-06-01,punjab,1704,846.0,192.0,20250,3715.0,39491.0,92330.0,129175.0,205.68229166666666,672.7864583333334,4.391252955082742,109.13711583924349,False,False,False
2025-06-01,rajasthan,4094,2354.0,168.0,22275,6789.0,58660.0,197243.0,219452.0,349.1666666666667,1306.2619047619048,2.8840271877655055,83.79056924384027,False,False,False
2025-06-01,tamil nadu,1355,393.0,183.0,30375,1420.0,9995.0,193182.0,318575.0,54.61748633879781,1740.8469945355191,3.61323155216285,491.55725190839695,False,False,False
2025-06-01,telangana,849,598.0,69.0,8100,8796.0,45745.0,113794.0,91322.0,662.9710144927536,1323.5072463768115,14.709030100334449,190.29096989966555,False,False,False
2025-06-01,tripura,60,87.0,20.0,4050,,,15530.0,16963.0,,848.15,,178.50574712643677,False,False,False
2025-06-01,uttar pradesh,21109,26080.0,1564.0,182250,10059.0,134845.0,522937.0,333518.0,86.21803069053709,213.2468030690537,0.3856978527607362,20.051265337423313,False,False,False
2025-06-01,uttarakhand,160,80.0,54.0,2025,2226.0,19712.0,25178.0,34599.0,365.037037037037,640.7222222222222,27.825,314.725,False,False,False
2025-06-01,west bengal,3194,3323.0,754.0,87075,8350.0,80141.0,121164.0,166538.0,106.28779840848806,220.87267904509284,2.5127896479085163,36.462232922058384,False,False,False
2025-07-01,andhra pradesh,473,372.0,111.0,12150,12952.0,74539.0,140116.0,194110.0,671.5225225225225,1748.7387387387387,34.81720430107527,376.6559139784946,False,False,False
2025-07-01,arunachal pradesh,89,352.0,43.0,4050,,,4119.0,4323.0,,100.53488372093024,,11.701704545454545,False,False,False
2025-07-01,assam,30769,11877.0,5227.0,342225,4737.0,39711.0,51489.0,43683.0,7.5972833365219055,8.357183853070595,0.39883809042687546,4.335185652942663,True,False,False
2025-07-01,bihar,19008,38019.0,2247.0,164025,628.0,7889.0,253037.0,351024.0,3.5109034267912773,156.21895861148198,0.016518056761093136,6.655540650727268,False,False,False
2025-07-01,chhattisgarh,5376,1792.0,419.0,26325,17056.0,146871.0,80588.0,265979.0,350.527446300716,634.7947494033413,9.517857142857142,44.970982142857146,False,False,False
2025-07-01,delhi,12568,5476.0,740.0,64800,29267.0,156976.0,68606.0,104102.0,212.12972972972972,140.67837837837837,5.344594594594595,12.528487947406866,False,False,False
2025-07-01,goa,21,10.0,11.0,2025,,,2563.0,4837.0,,439.72727272727275,,256.3,False,False,False
2025-07-01,gujarat,33294,23945.0,3594.0,324000,9325.0,80157.0,250482.0,291392.0,22.303005008347245,81.0773511407902,0.3894341198580079,10.460722489037376,False,False,False
2025-07-01,haryana,5274,1301.0,177.0,16200,18456.0,126076.0,122995.0,144330.0,712.2937853107345,815.4237288135594,14.186010760953113,94.53881629515757,False,False,False
2025-07-01,himachal pradesh,57,24.0,33.0,2025,83.0,744.0,16848.0,31566.0,22.545454545454547,956.5454545454545,3.4583333333333335,702.0,False,False,False
2025-07-01,jammu and kashmir,569,344.0,37.0,4050,3811.0,21778.0,48013.0,54238.0,588.5945945945946,1465.8918918918919,11.078488372093023,139.57267441860466,False,False,False
2025-07-01,jharkhand,5707,5194.0,332.0,46575,,,95157.0,161641.0,,486.87048192771084,,18.320562187139007,False,False,False
2025-07-01,karnataka,8654,4460.0,2149.0,113400,11744.0,66016.0,165546.0,208816.0,30.7194043741275,97.16891577477897,2.6331838565022423,37.11793721973094,False,False,False
2025-07-01,kerala,158,216.0,100.0,12150,,,72628.0,158692.0,,1586.92,,336.24074074074076,False,False,False
2025-07-01,madhya pradesh,34979,26040.0,2169.0,186300,65004.0,271813.0,536751.0,467284.0,125.3171968649147,215.43752881512216,2.4963133640552995,20.612557603686636,False,False,False
2025-07-01,maharashtra,34468,18536.0,1763.0,212625,15732.0,117649.0,453411.0,776958.0,66.73227453204764,440.70221213840045,0.8487268018990073,24.46110271903323,False,False,False
2025-07-01,manipur,348,1265.0,13.0,2025,,,52976.0,33778.0,,2598.3076923076924,,41.87826086956522,False,False,False
2025-07-01,meghalaya,3492,11649.0,8768.0,101250,,,5361.0,8999.0,,1.0263458029197081,,0.4602111769250579,True,False,False
2025-07-01,mizoram,549,217.0,109.0,10125,41.0,389.0,4222.0,3939.0,3.5688073394495414,36.137614678899084,0.1889400921658986,19.456221198156683,False,False,False
2025-07-01,nagaland,964,2895.0,310.0,28350,,,3256.0,10608.0,,34.21935483870968,,1.1246977547495682,False,False,False
2025-07-01,odisha,364,140.0,25.0,4050,1098.0,7524.0,154642.0,170666.0,300.96,6826.64,7.8428571428571425,1104.5857142857142,False,False,False
2025-07-01,punjab,5862,2132.0,517.0,34425,10968.0,109928.0,115529.0,162188.0,212.6266924564797,313.7098646034816,5.144465290806754,54.18808630393996,False,False,False
2025-07-01,rajasthan,17372,10811.0,603.0,74925,18362.0,119647.0,357417.0,292699.0,198.41956882255388,485.40464344941955,1.698455277032652,33.06049394135603,False,False,False
2025-07-01,sikkim,148,255.0,28.0,4050,,,1090.0,1360.0,,48.57142857142857,,4.2745098039215685,False,False,False
2025-07-01,tamil nadu,630,273.0,69.0,12150,2973.0,19958.0,166708.0,386070.0,289.2463768115942,5595.217391304348,10.89010989010989,610.6520146520146,False,False,False
2025-07-01,telangana,6137,2168.0,276.0,38475,13880.0,87817.0,100558.0,126061.0,318.17753623188406,456.7427536231884,6.402214022140221,46.382841328413285,False,False,False
2025-07-01,tripura,359,264.0,42.0,6075,,,12805.0,17862.0,,425.2857142857143,,48.503787878787875,False,False,False
2025-07-01,uttar pradesh,73166,81078.0,3622.0,374625,31605.0,297462.0,902096.0,523905.0,82.12644947542795,144.64522363335175,0.38980981277288534,11.12627346505834,False,False,False
2025-07-01,uttarakhand,1863,479.0,21.0,4050,4545.0,33649.0,35973.0,47034.0,1602.3333333333333,2239.714285714286,9.488517745302714,75.10020876826722,False,False,False
2025-07-01,west bengal,15274,11657.0,1613.0,168075,13801.0,134024.0,190774.0,229187.0,83.08989460632363,142.08741475511468,1.183923822595865,16.365617225701296,False,False,False
2025-09-01,andhra pradesh,34939,5037.0,379.0,44780850,25408.0,243867.0,83037.0,142467.0,643.4485488126649,375.9023746701847,5.044272384355767,16.485407980941037,False,False,False
2025-09-01,arunachal pradesh,886,882.0,6.0,1190700,1902.0,9133.0,4855.0,2885.0,1522.1666666666667,480.8333333333333,2.1564625850340136,5.50453514739229,False,False,False
2025-09-01,assam,35699,14195.0,745.0,21799125,18989.0,184522.0,67023.0,31536.0,247.68053691275168,42.33020134228188,1.3377245508982036,4.721592109897851,False,False,False
2025-09-01,bihar,62940,79583.0,1042.0,43450425,69524.0,1148572.0,145416.0,226685.0,1102.2763915547025,217.54798464491364,0.8736036590729176,1.827224407222648,False,False,False
2025-09-01,chandigarh,776,79.0,1.0,611550,698.0,5084.0,2269.0,2043.0,5084.0,2043.0,8.835443037974683,28.72151898734177,False,False,False
2025-09-01,chhattisgarh,23738,4804.0,263.0,13036950,15248.0,197344.0,51714.0,152480.0,750.3574144486691,579.7718631178707,3.174021648626145,10.764779350541216,False,False,False
2025-09-01,dadra and nagar haveli,331,38.0,1.0,162000,369.0,887.0,2884.0,2498.0,887.0,2498.0,9.710526315789474,75.89473684210526,False,False,False
2025-09-01,dadra and nagar haveli and daman and diu,54,11.0,7.0,109350,63.0,645.0,58.0,92.0,92.14285714285714,13.142857142857142,5.7272727272727275,5.2727272727272725,False,False,False
2025-09-01,delhi,13984,4475.0,347.0,5019975,11913.0,73200.0,51619.0,53673.0,210.95100864553314,154.67723342939482,2.662122905027933,11.534972067039106,False,False,False
2025-09-01,goa,693,105.0,74.0,1146150,400.0,5869.0,2224.0,2674.0,79.3108108108108,36.13513513513514,3.8095238095238093,21.18095238095238,False,False,False
2025-09-01,gujarat,44182,15179.0,1203.0,33576525,24678.0,225177.0,118712.0,156793.0,187.1795511221945,130.33499584372402,1.6257988009750313,7.820805059621846,False,False,False
2025-09-01,haryana,20658,1920.0,123.0,10932975,12746.0,83130.0,72625.0,71044.0,675.8536585365854,577.5934959349594,6.638541666666667,37.825520833333336,False,False,False
2025-09-01,himachal pradesh,4476,253.0,24.0,6253200,3083.0,32405.0,13398.0,16355.0,1350.2083333333333,681.4583333333334,12.185770750988143,52.95652173913044,False,False,False
2025-09-01,jammu and kashmir,9626,2173.0,24.0,7419600,4547.0,35094.0,25423.0,23794.0,1462.25,991.4166666666666,2.092498849516797,11.699493787390704,False,False,False
2025-09-01,jharkhand,27570,17647.0,148.0,16295175,18467.0,203017.0,69103.0,94283.0,1371.7364864864865,637.0472972972973,1.046466821556072,3.915849719499065,False,False,False
2025-09-01,karnataka,49282,8066.0,1025.0,49071825,24026.0,187446.0,93363.0,124254.0,182.87414634146342,121.22341463414634,2.978675923630052,11.574882221671212,False,False,False
2025-09-01,kerala,13659,5661.0,179.0,23803875,11986.0,105300.0,49029.0,81642.0,588.268156424581,456.1005586592179,2.117293764352588,8.66083730789613,False,False,False
2025-09-01,ladakh,124,46.0,5.0,168075,57.0,417.0,567.0,149.0,83.4,29.8,1.2391304347826086,12.326086956521738,False,False,False
2025-09-01,madhya pradesh,98016,33562.0,939.0,35791875,44380.0,280311.0,214320.0,260177.0,298.52076677316296,277.0788072417465,1.3223288242655384,6.3857934568857635,False,False,False
2025-09-01,maharashtra,73837,27751.0,753.0,55932525,40705.0,326707.0,698647.0,425802.0,433.8738379814077,565.4741035856574,1.466793989405787,25.17556124103636,False,False,False
2025-09-01,manipur,1361,1992.0,32.0,2211300,3748.0,20525.0,13613.0,8136.0,641.40625,254.25,1.8815261044176708,6.833835341365462,False,False,False
2025-09-01,meghalaya,2086,4747.0,2706.0,2808675,1693.0,15694.0,2928.0,4145.0,5.7997043606799705,1.531781226903178,0.3566463029281652,0.616810617231936,True,False,False
2025-09-01,mizoram,870,311.0,37.0,1000350,673.0,4565.0,4583.0,2261.0,123.37837837837837,61.108108108108105,2.1639871382636655,14.736334405144694,False,False,False
2025-09-01,nagaland,745,1811.0,178.0,1593675,579.0,5732.0,3142.0,6533.0,32.20224719101124,36.70224719101124,0.319712865819989,1.7349530646051905,False,False,False
2025-09-01,odisha,42843,10426.0,51.0,35872875,21425.0,180508.0,113523.0,115817.0,3539.372549019608,2270.921568627451,2.0549587569537695,10.888451947055438,False,False,False
2025-09-01,puducherry,552,42.0,10.0,743175,1102.0,3151.0,4966.0,2856.0,315.1,285.6,26.238095238095237,118.23809523809524,False,False,False
2025-09-01,punjab,18622,2774.0,171.0,15679575,8081.0,112040.0,51005.0,88555.0,655.2046783625731,517.8654970760234,2.9131218457101657,18.38680605623648,False,False,False
2025-09-01,rajasthan,84100,38908.0,576.0,42800400,35231.0,258066.0,526827.0,164139.0,448.03125,284.9635416666667,0.9054950138788938,13.540325896987767,False,False,False
2025-09-01,sikkim,349,367.0,21.0,868725,418.0,5117.0,973.0,869.0,243.66666666666666,41.38095238095238,1.1389645776566757,2.6512261580381473,False,False,False
2025-09-01,tamil nadu,64432,11665.0,111.0,66108150,59859.0,305025.0,129406.0,193415.0,2747.972972972973,1742.4774774774776,5.131504500642949,11.093527646806686,False,False,False
2025-09-01,telangana,34798,8131.0,153.0,30680775,26745.0,253107.0,87842.0,92864.0,1654.2941176470588,606.9542483660131,3.2892633132456033,10.803345221989915,False,False,False
2025-09-01,tripura,2027,1072.0,22.0,2401650,1891.0,18936.0,5531.0,9893.0,860.7272727272727,449.6818181818182,1.7639925373134329,5.159514925373134,False,False,False
2025-09-01,uttar pradesh,126150,132594.0,2335.0,82897425,221161.0,1179064.0,739376.0,287151.0,504.95246252676657,122.97687366167024,1.6679563177821017,5.57624025219844,False,False,False
2025-09-01,uttarakhand,9223,1704.0,29.0,7016625,6285.0,48053.0,36521.0,28265.0,1657.0,974.6551724137931,3.688380281690141,21.4325117370892,False,False,False
2025-09-01,west bengal,91184,27323.0,1134.0,56600775,52353.0,792077.0,120398.0,162275.0,698.4805996472663,143.09964726631392,1.916078029498957,4.406470738937891,False,False,False
2025-10-01,andhra pradesh,23150,3085.0,140.0,28738800,44226.0,194957.0,216463.0,139774.0,1392.55,998.3857142857142,14.33581847649919,70.16628849270664,False,False,False
2025-10-01,arunachal pradesh,387,473.0,5.0,799875,952.0,3883.0,4499.0,1793.0,776.6,358.6,2.0126849894291756,9.511627906976743,False,False,False
2025-10-01,assam,17597,7164.0,2862.0,14300550,9252.0,123930.0,58620.0,75456.0,43.301886792452834,26.364779874213838,1.2914572864321607,8.182579564489112,False,False,False
2025-10-01,bihar,46297,52921.0,1691.0,26790750,45555.0,552583.0,109493.0,160656.0,326.7788290952099,95.00650502661148,0.8608113981217286,2.068989626046371,False,False,False
2025-10-01,chhattisgarh,13901,3063.0,128.0,7336575,9717.0,139866.0,65251.0,100969.0,1092.703125,788.8203125,3.1723800195886387,21.302970943519426,False,False,False
2025-10-01,delhi,8082,2132.0,165.0,2707425,5009.0,47686.0,22074.0,29007.0,289.0060606060606,175.8,2.349437148217636,10.353658536585366,False,False,False
2025-10-01,goa,375,47.0,10.0,625725,331.0,3859.0,3540.0,2135.0,385.9,213.5,7.042553191489362,75.31914893617021,False,False,False
2025-10-01,gujarat,16172,4047.0,1401.0,15630975,12516.0,100535.0,38561.0,50394.0,71.75945753033548,35.97002141327623,3.0926612305411414,9.528292562391895,False,False,False
2025-10-01,haryana,15119,1037.0,51.0,6644025,8007.0,70217.0,49932.0,58069.0,1376.8039215686274,1138.6078431372548,7.721311475409836,48.150433944069434,False,False,False
2025-10-01,himachal pradesh,3824,133.0,42.0,4742550,2075.0,13752.0,25508.0,10547.0,327.42857142857144,251.11904761904762,15.601503759398497,191.78947368421052,False,False,False
2025-10-01,jammu and kashmir,8423,1855.0,96.0,4993650,4027.0,29702.0,45290.0,22743.0,309.3958333333333,236.90625,2.1708894878706197,24.41509433962264,False,False,False
2025-10-01,jharkhand,16177,9159.0,239.0,9906300,10084.0,111201.0,40142.0,50070.0,465.27615062761504,209.4979079497908,1.1009935582487171,4.382792881318921,False,False,False
2025-10-01,karnataka,30490,4785.0,778.0,29435400,22916.0,149086.0,77378.0,95709.0,191.6272493573265,123.01928020565553,4.789132706374086,16.170950888192266,False,False,False
2025-10-01,kerala,12184,4404.0,538.0,18915525,11492.0,107769.0,32259.0,64115.0,200.31412639405204,119.1728624535316,2.6094459582198,7.324931880108992,False,False,False
2025-10-01,ladakh,66,40.0,5.0,131625,84.0,255.0,327.0,102.0,51.0,20.4,2.1,8.175,False,False,False
2025-10-01,madhya pradesh,50371,11943.0,1311.0,20225700,21811.0,164239.0,111258.0,120368.0,125.27765064836004,91.813882532418,1.8262580591141255,9.315749811605125,False,False,False
2025-10-01,maharashtra,41040,9032.0,933.0,30822525,27192.0,694698.0,225372.0,516260.0,744.5852090032155,553.3333333333334,3.0106288751107173,24.95261293179805,False,False,False
2025-10-01,manipur,1029,1426.0,50.0,1510650,6725.0,47284.0,23843.0,10808.0,945.68,216.16,4.715988779803647,16.720196353436187,False,False,False
2025-10-01,meghalaya,1038,2100.0,1866.0,1747575,1142.0,9753.0,5084.0,2748.0,5.226688102893891,1.472668810289389,0.5438095238095239,2.420952380952381,True,False,False
2025-10-01,mizoram,655,184.0,115.0,785700,739.0,3718.0,3837.0,1715.0,32.3304347826087,14.91304347826087,4.016304347826087,20.85326086956522,False,False,False
2025-10-01,nagaland,603,1300.0,67.0,1055025,1323.0,5066.0,4959.0,5124.0,75.61194029850746,76.4776119402985,1.0176923076923077,3.8146153846153847,False,False,False
2025-10-01,odisha,19706,4591.0,246.0,20707650,23927.0,115119.0,130808.0,86649.0,467.9634146341463,352.2317073170732,5.2117185798301024,28.492267479851883,False,False,False
2025-10-01,puducherry,303,30.0,3.0,423225,561.0,2450.0,2049.0,1191.0,816.6666666666666,397.0,18.7,68.3,False,False,False
2025-10-01,punjab,8877,1404.0,318.0,8227575,4299.0,87880.0,47171.0,54818.0,276.3522012578616,172.38364779874215,3.0619658119658117,33.59757834757835,False,False,False
2025-10-01,rajasthan,28544,15085.0,289.0,22149450,16964.0,149721.0,78770.0,90957.0,518.0657439446367,314.7301038062284,1.1245608220086178,5.2217434537620155,False,False,False
2025-10-01,sikkim,169,143.0,14.0,427275,211.0,1646.0,741.0,426.0,117.57142857142857,30.428571428571427,1.4755244755244756,5.181818181818182,False,False,False
2025-10-01,tamil nadu,34002,7488.0,86.0,38628900,46271.0,202462.0,200714.0,171737.0,2354.2093023255816,1996.9418604651162,6.179353632478633,26.804754273504273,False,False,False
2025-10-01,telangana,24956,5646.0,136.0,20835225,38458.0,195426.0,120980.0,80785.0,1436.9558823529412,594.0073529411765,6.811547998583068,21.4275593340418,False,False,False
2025-10-01,tripura,1240,586.0,50.0,1565325,1280.0,13398.0,7200.0,9739.0,267.96,194.78,2.1843003412969284,12.286689419795222,False,False,False
2025-10-01,uttar pradesh,70638,65271.0,2243.0,47761650,72298.0,659461.0,368471.0,208409.0,294.00847079803833,92.91529201961659,1.1076588377686876,5.645248272586601,False,False,False
2025-10-01,uttarakhand,6087,1022.0,29.0,4392225,3165.0,29534.0,24328.0,18398.0,1018.4137931034483,634.4137931034483,3.0968688845401173,23.804305283757337,False,False,False
2025-10-01,west bengal,60421,17269.0,199.0,35040600,25784.0,494056.0,66599.0,120865.0,2482.6934673366836,607.3618090452261,1.4930800857027042,3.8565637848167236,False,False,False
2025-11-01,andhra pradesh,30884,3373.0,385.0,36715275,73914.0,328213.0,242709.0,152006.0,852.5012987012987,394.82077922077923,21.91343018084791,71.95641861844055,False,False,False
2025-11-01,arunachal pradesh,341,395.0,97.0,840375,1135.0,5539.0,8558.0,2076.0,57.103092783505154,21.4020618556701,2.8734177215189876,21.66582278481013,False,False,False
2025-11-01,assam,19986,8698.0,3314.0,17196300,14286.0,157287.0,73768.0,40448.0,47.46137598068799,12.20519010259505,1.6424465394343528,8.481030121867096,True,False,False
2025-11-01,bihar,48127,56444.0,1053.0,32472900,71483.0,821345.0,151867.0,253099.0,780.0047483380816,240.3599240265907,1.266441074339168,2.6905782722698603,False,False,False
2025-11-01,chandigarh,674,36.0,17.0,502200,716.0,6734.0,2098.0,2073.0,396.11764705882354,121.94117647058823,19.88888888888889,58.27777777777778,False,False,False
2025-11-01,chhattisgarh,20493,5128.0,305.0,10677825,25381.0,247608.0,155196.0,166592.0,811.8295081967213,546.2032786885246,4.949492979719189,30.264430577223088,False,False,False
2025-11-01,dadra and nagar haveli,157,15.0,1.0,91125,292.0,856.0,896.0,1248.0,856.0,1248.0,19.466666666666665,59.733333333333334,False,False,False
2025-11-01,delhi,12088,3091.0,376.0,3703725,10477.0,98161.0,39869.0,47174.0,261.0664893617021,125.4627659574468,3.3895179553542545,12.898414752507279,False,False,False
2025-11-01,goa,553,68.0,45.0,858600,646.0,7665.0,5326.0,3095.0,170.33333333333334,68.77777777777777,9.5,78.32352941176471,False,False,False
2025-11-01,gujarat,39040,8656.0,2138.0,27432675,27732.0,240223.0,113238.0,139858.0,112.35874649204864,65.4153414405987,3.2037892791127542,13.082024029574862,False,False,False
2025-11-01,haryana,21794,1707.0,201.0,9333225,15356.0,119818.0,76018.0,89744.0,596.1094527363184,446.4875621890547,8.995899238429994,44.53309900410076,False,False,False
2025-11-01,himachal pradesh,5352,163.0,65.0,6358500,3821.0,21277.0,38053.0,16765.0,327.33846153846156,257.9230769230769,23.441717791411044,233.45398773006136,False,False,False
2025-11-01,jammu and kashmir,11019,2423.0,301.0,6459750,7107.0,45427.0,73488.0,29947.0,150.9202657807309,99.49169435215947,2.933140734626496,30.329343788691705,False,False,False
2025-11-01,jharkhand,28834,15351.0,247.0,13561425,20379.0,216779.0,67989.0,106070.0,877.6477732793522,429.4331983805668,1.3275356654289623,4.428962282587453,False,False,False
2025-11-01,karnataka,39922,5935.0,1403.0,38394000,32373.0,211401.0,109379.0,121638.0,150.67783321454027,86.69850320741268,5.454591406908172,18.429486099410276,False,False,False
2025-11-01,kerala,16484,5140.0,1422.0,22758975,13860.0,169311.0,49098.0,93863.0,119.06540084388186,66.00773558368495,2.6964980544747084,9.552140077821011,False,False,False
2025-11-01,ladakh,135,32.0,6.0,186300,147.0,630.0,238.0,190.0,105.0,31.666666666666668,4.59375,7.4375,False,False,False
2025-11-01,lakshadweep,59,4.0,1.0,105300,51.0,252.0,227.0,213.0,252.0,213.0,12.75,56.75,False,False,False
2025-11-01,madhya pradesh,84762,16930.0,1847.0,28042200,38825.0,283018.0,188245.0,210274.0,153.23118570655117,113.84623714131023,2.2932663910218545,11.11901949202599,False,False,False
2025-11-01,maharashtra,58064,12039.0,1783.0,41139900,52842.0,1873287.0,397550.0,819649.0,1050.6376892877174,459.7021873247336,4.389234986294543,33.02184566824487,False,False,False
2025-11-01,manipur,1287,1473.0,51.0,1745550,18759.0,127775.0,36778.0,22707.0,2505.392156862745,445.2352941176471,12.735234215885948,24.968092328581125,False,False,False
2025-11-01,meghalaya,1179,2008.0,2786.0,1919700,1071.0,8979.0,4622.0,2668.0,3.222900215362527,0.9576453697056713,0.5333665338645418,2.301792828685259,True,False,False
2025-11-01,mizoram,714,191.0,62.0,850500,561.0,4413.0,2432.0,1337.0,71.1774193548387,21.56451612903226,2.93717277486911,12.732984293193716,False,False,False
2025-11-01,nagaland,434,787.0,231.0,974025,732.0,5993.0,4589.0,5209.0,25.943722943722943,22.549783549783548,0.9301143583227446,5.8310038119440915,False,False,False
2025-11-01,odisha,18979,4363.0,250.0,22437000,28339.0,151144.0,136144.0,87493.0,604.576,349.972,6.495301398120559,31.204217281686912,False,False,False
2025-11-01,puducherry,459,28.0,15.0,587250,782.0,4338.0,2842.0,2259.0,289.2,150.6,27.928571428571427,101.5,False,False,False
2025-11-01,punjab,12492,2015.0,624.0,11135475,6598.0,121443.0,68476.0,72384.0,194.62019230769232,116.0,3.2744416873449134,33.983126550868484,False,False,False
2025-11-01,rajasthan,48447,23280.0,2625.0,30498525,38311.0,308228.0,180653.0,222099.0,117.42019047619047,84.60914285714286,1.6456615120274913,7.760008591065292,False,False,False
2025-11-01,sikkim,250,168.0,5.0,571050,307.0,3550.0,1063.0,749.0,710.0,149.8,1.8273809523809523,6.3273809523809526,False,False,False
2025-11-01,tamil nadu,50237,12524.0,411.0,54446175,88196.0,392825.0,358966.0,251035.0,955.7785888077859,610.7907542579076,7.042159054615139,28.66224848291281,False,False,False
2025-11-01,telangana,24318,5436.0,291.0,22957425,52142.0,246736.0,139741.0,79084.0,847.8900343642612,271.766323024055,9.591979396615159,25.706585724797645,False,False,False
2025-11-01,tripura,1941,980.0,63.0,2162700,2439.0,22543.0,15701.0,13366.0,357.8253968253968,212.15873015873015,2.4887755102040816,16.021428571428572,False,False,False
2025-11-01,uttar pradesh,100584,79629.0,2482.0,58654125,117504.0,1406186.0,699396.0,398480.0,566.5535858178888,160.54794520547946,1.4756432957841992,8.7831820065554,False,False,False
2025-11-01,uttarakhand,7470,1130.0,30.0,5528250,6796.0,58151.0,68303.0,38116.0,1938.3666666666666,1270.5333333333333,6.014159292035398,60.445132743362834,False,False,False
2025-11-01,west bengal,61019,17965.0,249.0,40204350,47459.0,844423.0,92633.0,178644.0,3391.25702811245,717.4457831325301,2.64174784302811,5.156303924297244,False,False,False
2025-12-01,andhra pradesh,22028,1402.0,238.0,22696200,62133.0,385330.0,193343.0,189591.0,1619.0336134453783,796.6008403361344,44.317403708987165,137.90513552068472,False,False,False
2025-12-01,assam,14618,4833.0,1536.0,10092600,19805.0,229794.0,89046.0,63646.0,149.60546875,41.436197916666664,4.09786881853921,18.424581005586592,False,False,False
2025-12-01,bihar,44025,45700.0,657.0,19288125,94640.0,889940.0,281121.0,359305.0,1354.5509893455098,546.8873668188737,2.0708971553610502,6.15144420131291,False,False,False
2025-12-01,chandigarh,511,31.0,8.0,315900,886.0,8977.0,2178.0,2456.0,1122.125,307.0,28.580645161290324,70.25806451612904,False,False,False
2025-12-01,chhattisgarh,15978,2973.0,184.0,6453675,39531.0,353084.0,311902.0,212312.0,1918.9347826086957,1153.8695652173913,13.296670030272452,104.91153716784393,False,False,False
2025-12-01,dadra and nagar haveli,102,8.0,2.0,54675,298.0,1151.0,843.0,1691.0,575.5,845.5,37.25,105.375,False,False,False
2025-12-01,dadra and nagar haveli and daman and diu,24,1.0,14.0,44550,82.0,946.0,42.0,129.0,67.57142857142857,9.214285714285714,82.0,42.0,True,False,False
2025-12-01,delhi,9188,1640.0,137.0,2178900,14062.0,141429.0,63490.0,62654.0,1032.3284671532847,457.3284671532847,8.574390243902439,38.71341463414634,False,False,False
2025-12-01,goa,274,24.0,23.0,459675,675.0,8104.0,4797.0,2830.0,352.3478260869565,123.04347826086956,28.125,199.875,False,False,False
2025-12-01,gujarat,26774,4117.0,1121.0,16914825,37255.0,341493.0,188940.0,187175.0,304.6324710080286,166.971454058876,9.049064853048336,45.89264027204275,False,False,False
2025-12-01,haryana,14163,793.0,69.0,5416875,17446.0,155232.0,97353.0,109244.0,2249.7391304347825,1583.2463768115942,22.0,122.76544766708702,False,False,False
2025-12-01,himachal pradesh,2930,88.0,22.0,3594375,4853.0,28438.0,27349.0,21359.0,1292.6363636363637,970.8636363636364,55.14772727272727,310.78409090909093,False,False,False
2025-12-01,jammu and kashmir,10436,1091.0,45.0,4031775,11749.0,69941.0,81306.0,42232.0,1554.2444444444445,938.4888888888889,10.769019248395967,74.5242896425298,False,False,False
2025-12-01,jharkhand,16661,7023.0,165.0,7164450,26567.0,226406.0,93803.0,107466.0,1372.1575757575758,651.3090909090909,3.782856329204044,13.356542787982344,False,False,False
2025-12-01,karnataka,34581,3840.0,371.0,24879150,41603.0,290379.0,183064.0,152745.0,782.6927223719676,411.71159029649596,10.834114583333333,47.672916666666666,False,False,False
2025-12-01,kerala,10966,2941.0,384.0,13767975,14316.0,210068.0,80329.0,104358.0,547.0520833333334,271.765625,4.867732063923835,27.313498809928596,False,False,False
2025-12-01,ladakh,141,15.0,2.0,129600,338.0,1241.0,318.0,370.0,620.5,185.0,22.533333333333335,21.2,False,False,False
2025-12-01,madhya pradesh,70570,12807.0,1074.0,17204400,56376.0,375053.0,345126.0,301745.0,349.2113594040968,280.95437616387335,4.40196767392832,26.948231435933472,False,False,False
2025-12-01,maharashtra,49960,6857.0,774.0,27963225,62321.0,870998.0,515351.0,626675.0,1125.3204134366924,809.657622739018,9.088668513927374,75.156919935832,False,False,False
2025-12-01,manipur,774,806.0,23.0,1036800,7657.0,37330.0,11794.0,8518.0,1623.0434782608695,370.3478260869565,9.5,14.632754342431761,False,False,False
2025-12-01,meghalaya,321,800.0,1222.0,729000,1294.0,8720.0,3206.0,2118.0,7.1358428805237315,1.7332242225859247,1.6175,4.0075,True,False,False
2025-12-01,mizoram,393,93.0,10.0,336150,517.0,4021.0,4023.0,1372.0,402.1,137.2,5.559139784946237,43.25806451612903,False,False,False
2025-12-01,nagaland,96,250.0,5.0,364500,718.0,6076.0,4637.0,5283.0,1215.2,1056.6,2.872,18.548,False,False,False
2025-12-01,odisha,17357,3215.0,155.0,16173675,33234.0,183491.0,146179.0,105837.0,1183.8129032258064,682.8193548387097,10.337169517884915,45.467807153965786,False,False,False
2025-12-01,puducherry,271,16.0,16.0,356400,831.0,5268.0,3218.0,2067.0,329.25,129.1875,51.9375,201.125,False,False,False
2025-12-01,punjab,7058,994.0,444.0,6232950,7155.0,129362.0,98615.0,91784.0,291.35585585585585,206.72072072072072,7.198189134808853,99.2102615694165,False,False,False
2025-12-01,rajasthan,33283,17604.0,418.0,18060975,53535.0,384083.0,281721.0,257797.0,918.8588516746412,616.7392344497607,3.0410702113156103,16.003237900477163,False,False,False
2025-12-01,sikkim,71,26.0,17.0,170100,247.0,3341.0,746.0,684.0,196.52941176470588,40.23529411764706,9.5,28.692307692307693,False,False,False
2025-12-01,tamil nadu,30965,4713.0,299.0,28175850,68262.0,431060.0,397310.0,266573.0,1441.6722408026756,891.5484949832776,14.483768300445576,84.30086993422448,False,False,False
2025-12-01,telangana,13637,2290.0,140.0,12083175,40190.0,243871.0,149476.0,76274.0,1741.9357142857143,544.8142857142857,17.550218340611355,65.27336244541485,False,False,False
2025-12-01,tripura,1584,584.0,18.0,1405350,3529.0,33721.0,15621.0,12521.0,1873.388888888889,695.6111111111111,6.042808219178082,26.748287671232877,False,False,False
2025-12-01,uttar pradesh,68564,46961.0,1402.0,33131025,144329.0,1704380.0,665527.0,490639.0,1215.6776034236805,349.95649072753207,3.073380038755563,14.17190860501267,False,False,False
2025-12-01,uttarakhand,5416,649.0,41.0,3308850,9174.0,80670.0,149682.0,60678.0,1967.560975609756,1479.9512195121952,14.135593220338983,230.63482280431433,False,False,False
2025-12-01,west bengal,35856,9320.0,3590.0,22773150,49196.0,656780.0,123223.0,143670.0,182.94707520891365,40.01949860724234,5.278540772532189,13.221351931330473,False,False,False
